Iteration	Y	var_1	var_2	var_3	var_4	var_5	var_6	var_7	var_8	var_9	var_10	var_11	var_12	var_13
1.0	36276.90625997929	88.35599972131546	17.12261756385587	76.58615420810663	39.169978763601144	53.99468347800072	37.75890864873791	0.6501273694896076	3.350794457060678	1.1088683942439217	0.18308275594659376	2.9949632510045827	2.5639176136289583	2.655452205677223
2.0	38277.72414875107	61.32685001917189	98.13492894351695	88.1563668453039	65.63569360370589	17.812093957017098	91.47949916189442	0.5964431883324978	0.16544849333963052	3.406908993705378	5.260804276428595	2.3197602032629123	0.6613411901039433	2.836519209910508
3.0	30956.905209644323	6.097198145882604	19.926740105661683	68.70819247333772	39.16511330875035	48.60454335955391	84.90018820866459	4.011614330565234	7.074335937307266	5.013412848465064	4.560596405993938	0.5429366387259174	2.7721378555148948	0.13514613573624473
4.0	35845.80124192444	32.74128118161189	40.70976750358907	83.25900777063896	58.48753501829057	13.707682501618478	70.41050765952316	5.845677508456285	7.685002196641215	3.5251816866289696	6.79220403964988	1.8994885990671353	0.7278550730588866	0.7434339567068432
5.0	33625.45050927943	10.80939242431397	40.62201134309889	77.9814003201261	16.353263080873386	48.161302325759074	65.0970316528145	4.936477265880934	1.37628180906154	3.7008376479742697	7.465822740629499	0.527036896816059	0.7985197303404481	2.526342936228388
