Iteration	Y	var_1
1.0	6457.474743904231	2.614827391133667
2.0	8587.157768235891	35.597017523720446
3.0	6491.643528967912	2.762545228902286
4.0	6381.765865770743	1.2975774708004737
5.0	83221.73336404262	0.001
6.0	6354.558962515789	1.3786867198177282
